Price,Date,Close,High,Low,Open,Volume
Ticker,,AB,AB,AB,AB,AB
0,2023-04-11,29.73109245300293,29.806445958602854,28.600793062896564,28.600793062896564,234600
1,2023-04-12,28.63428497314453,30.124606352127312,28.584048236791684,29.948782565731214,265500
2,2023-04-13,29.32921028137207,29.697606643862038,28.634286296126156,28.634286296126156,302900
3,2023-04-14,30.534868240356445,30.62696733635365,29.488293411102582,29.488293411102582,309200
4,2023-04-17,30.79442024230957,30.978618455169944,30.367419068916213,30.559988476046023,242900
5,2023-04-18,30.29206085205078,30.878143370806605,30.06600031507813,30.744181925996084,242300
6,2023-04-19,29.86505699157715,30.342298039267437,29.731095544790016,30.049255178619266,248200
7,2023-04-20,30.43439292907715,30.95349631280957,29.59713311596479,29.59713311596479,286400
8,2023-04-21,30.216705322265625,30.752551065731215,29.990644800386224,30.47625700158477,220100
9,2023-04-24,29.76458740234375,30.25019965450801,29.647371532895246,30.040884689380565,165400
10,2023-04-25,28.84360122680664,29.697606620227287,28.801738874891388,29.387818189490407,230300
11,2023-04-26,28.550559997558594,29.086408991750453,28.090067712544982,28.80174051110502,340800
12,2023-04-27,29.228742599487305,29.932041034057235,27.797028955721267,28.550560939543544,355400
13,2023-04-28,29.27060317993164,29.764586612275878,28.960817934055942,29.295723146927322,255200
14,2023-05-01,28.927326202392578,29.580391035198073,28.86871827038209,29.30409376095483,178900
15,2023-05-02,28.215656280517578,28.893834683601572,28.190536314330704,28.726385276450227,310000
16,2023-05-03,28.098440170288086,28.868717656851533,27.99796669421162,28.282635155309563,167500
17,2023-05-04,27.788650512695312,28.45008649505876,27.277924737772857,28.15704685421042,317900
18,2023-05-05,28.865005493164062,28.924802519529113,28.13035258788654,28.19014961425159,339400
19,2023-05-08,29.39463996887207,29.608201724896624,28.702698706222748,28.865007726365434,264700
20,2023-05-09,28.950428009033203,29.29212808536893,28.540389872646386,29.24087209631054,187000
21,2023-05-10,29.779050827026367,29.89010384903411,28.28411858276756,29.155450910464506,466300
22,2023-05-11,29.71070671081543,29.966983392700527,29.411721593540648,29.65945398139311,194400
23,2023-05-12,29.189617156982422,30.026782048242122,29.044396737467988,29.69362299542152,565100
24,2023-05-15,29.10419273376465,29.63382491955665,28.967513354892734,29.181075088048445,210900
25,2023-05-16,28.506221771240234,29.18961872654193,28.497680734977468,28.958974901816262,193100
26,2023-05-17,28.950428009033203,29.03585465746385,28.668528215945646,28.82229292442738,224400
27,2023-05-18,29.804677963256836,29.915730988130306,28.91626028165661,28.91626028165661,245000
28,2023-05-19,29.403182983398438,30.129294957947668,29.300674246044597,29.9755302225699,132800
29,2023-05-22,29.616743087768555,29.898646173001314,29.257960897865573,29.257960897865573,99400
30,2023-05-23,29.163991928100586,30.402650724296347,29.12128023003046,29.480062404251942,217300
31,2023-05-24,28.950428009033203,29.257957425996672,28.583101567514994,28.711239910814253,249800
32,2023-05-25,28.54039192199707,29.471521275243827,28.36954187156127,29.275044857785442,265800
33,2023-05-26,29.334842681884766,29.779051521582627,28.53185165936965,28.574563358463074,213600
34,2023-05-30,29.71070671081543,29.736336334219963,29.129818546944392,29.514230311078663,205200
35,2023-05-31,29.70216941833496,29.753425412909575,29.070025186689854,29.6167427607106,198000
36,2023-06-01,30.078035354614258,30.197629410307577,29.642370829060937,29.702167856907597,145100
37,2023-06-02,30.325769424438477,30.616213543640008,30.09512233636428,30.325769424438477,195200
38,2023-06-05,29.685083389282227,30.37702463565854,29.57403036632693,30.21471561933302,279400
39,2023-06-06,29.881563186645508,30.18909266423919,29.64237504127001,29.693627781739572,194700
40,2023-06-07,29.548404693603516,29.941357542598176,29.420266336512576,29.804678149091608,191200
41,2023-06-08,29.633827209472656,29.710709569697435,29.104194982754006,29.574030180263794,161200
42,2023-06-09,29.343381881713867,29.693623006269426,29.232332122759985,29.531317256395138,121400
43,2023-06-12,28.788124084472656,29.317756303441847,28.7539534229408,29.283585641909994,256700
44,2023-06-13,29.15544891357422,29.369010648126956,28.77957817519758,28.830834164619883,237600
45,2023-06-14,29.027313232421875,29.4715220720879,28.847922141026103,29.172536919761615,160100
46,2023-06-15,29.343381881713867,29.394637872634274,28.839376043090642,28.856461373397444,271200
47,2023-06-16,28.583101272583008,29.232330759183192,28.463507224707552,29.215245429673356,309200
48,2023-06-20,27.97658920288086,28.420798033175952,27.856995144473277,28.403712702161485,495500
49,2023-06-21,27.73740005493164,27.9851291986979,27.455496991713165,27.89116476965198,397300
50,2023-06-22,27.370071411132812,27.85699188260203,27.216306708701133,27.575088841912848,415100
51,2023-06-23,27.139423370361328,27.549461475700667,26.951488016737517,27.327357094638543,378500
52,2023-06-26,27.284648895263672,27.558006037797927,26.994204792803348,26.994204792803348,213900
53,2023-06-27,27.14797019958496,27.481124378270597,27.054002508356582,27.352989283708553,222800
54,2023-06-28,26.891693115234375,27.113797513793852,26.63541968654475,27.03691515931762,524900
55,2023-06-29,26.900238037109375,27.250479179399886,26.643964586917686,26.908780702695346,311000
56,2023-06-30,27.472583770751953,27.51529546960571,26.82335584622424,27.079630927387395,539300
57,2023-07-03,27.88262176513672,27.968048420985696,27.318818871308356,27.361530569885986,160600
58,2023-07-05,27.335905075073242,27.874081618673017,27.335905075073242,27.523840465246394,277500
59,2023-07-06,26.968576431274414,27.293191190491903,26.68667499792595,27.04545878849188,232700
60,2023-07-07,26.942951202392578,27.250479014896776,26.83189817979221,26.83189817979221,206300
61,2023-07-10,27.062541961669922,27.199221334862465,26.72938619318143,26.789183215284837,682300
62,2023-07-11,27.14797019958496,27.42132734906957,26.84898342423299,27.1565128650918,400000
63,2023-07-12,27.72885513305664,28.096181581167755,27.301731659317532,27.327359654306708,295900
64,2023-07-13,29.249420166015625,29.497149331707803,27.95096427050597,27.95096427050597,492500
65,2023-07-14,28.71978187561035,29.642370156353394,28.42079674316226,29.642370156353394,384000
66,2023-07-17,28.865005493164062,28.958973179935867,28.249946640616642,28.566017102645272,222700
67,2023-07-18,29.121278762817383,29.326299465395614,28.86500532861473,28.86500532861473,177200
68,2023-07-19,28.976055145263672,29.591113995557226,28.788123031102273,29.300669900551217,252700
69,2023-07-20,28.93334197998047,29.1469037078548,28.805206898471884,29.04439499090926,117200
70,2023-07-21,28.70269775390625,29.052938891818247,28.617274357808174,28.958974459587836,158100
71,2023-07-24,29.052942276000977,29.22379234679199,28.702701097291733,28.702701097291733,170200
72,2023-07-25,29.215246200561523,29.45443430262377,28.9248021086173,29.07856681956974,181400
73,2023-07-26,28.882089614868164,29.403177500146615,28.87354532077722,29.215245393160096,276800
74,2023-07-27,28.113269805908203,29.257960963742523,28.113269805908203,29.20670496848648,683200
75,2023-07-28,27.797197341918945,28.31828851793493,27.549464937141906,28.258491490394764,480000
76,2023-07-31,27.49820899963379,28.343914940170247,27.404244569524053,27.489667963694217,304200
77,2023-08-01,28.258493423461914,28.284119791676826,27.634890221552556,27.677605180169174,254000
78,2023-08-02,27.84844970703125,28.27557318878752,27.489667546528892,28.0705557424129,298900
79,2023-08-03,27.72031593322754,27.856995323528118,27.50675418221453,27.634889277606106,196500
80,2023-08-04,27.502662658691406,27.929264456727832,27.415601033366375,27.659373252163988,210900
81,2023-08-07,27.023826599121094,27.64196099275527,26.86711600339344,27.554899366177416,353300
82,2023-08-08,26.414396286010742,26.832290091612872,25.36966011144305,26.457926268050073,573900
83,2023-08-09,25.596017837524414,26.457924372540635,25.43060092861355,26.222860161581487,529000
84,2023-08-10,25.604724884033203,26.214154569401092,25.596018555892257,25.98779501942337,394900
85,2023-08-11,26.231565475463867,26.449218696556727,25.421896887870762,25.439307883530848,262200
86,2023-08-14,26.074857711791992,26.24897930007939,25.665668575163746,26.11838769372325,360200
87,2023-08-15,25.448015213012695,26.074857577186027,25.29130462196936,26.074857577186027,342400
88,2023-08-16,25.7701416015625,25.979088493668943,25.343541489274887,25.343541489274887,231100
89,2023-08-17,26.214153289794922,26.605928073639813,25.909438461985193,26.022617401168237,394000
90,2023-08-18,26.736522674560547,27.02382653980557,25.90073504659744,25.952971358204532,347900
91,2023-08-21,26.292510986328125,27.232772878444422,26.222862018784785,26.58851951352792,367500
92,2023-08-22,25.752727508544922,26.562397708133442,25.604723260657103,26.562397708133442,375800
93,2023-08-23,26.405689239501953,26.62334246490522,25.72661057844132,25.72661057844132,234800
94,2023-08-24,26.15321159362793,27.049941793200123,26.127092609543993,26.370864812640562,244200
95,2023-08-25,26.440513610839844,26.849701062220518,26.17062242534829,26.17062242534829,195800
96,2023-08-28,27.015119552612305,27.354658060625702,26.46663248213888,26.46663248213888,277200
97,2023-08-29,27.47654151916504,27.816081665261436,27.171826684693816,27.21535832422528,269200
98,2023-08-30,27.128297805786133,27.772551151916183,27.10217882100812,27.232772084335856,242500
99,2023-08-31,26.962879180908203,27.38947927520122,26.910642875225566,27.215357702738356,252300
100,2023-09-01,27.171829223632812,27.58972469937179,27.04994394268025,27.04994394268025,428800
101,2023-09-05,28.077266693115234,28.460335182625702,27.102179491265034,27.920556101696242,672300
102,2023-09-06,28.077266693115234,28.434217857764114,27.824788149037442,28.20785995967264,462500
103,2023-09-07,28.38197898864746,28.469042270638482,28.007615178897616,28.05114848045544,379400
104,2023-09-08,27.833492279052734,28.4516282674299,27.729019666733535,28.4516282674299,351600
105,2023-09-11,27.8596134185791,28.39068783075072,27.850907090118312,27.920556057242266,207300
106,2023-09-12,28.05985450744629,28.286215730464352,27.607135382534953,27.607135382534953,263100
107,2023-09-13,27.75514030456543,28.251391084320915,27.75514030456543,28.059855171255222,230500
108,2023-09-14,28.112092971801758,28.19915293841138,27.78996544943392,27.85090809028563,321200
109,2023-09-15,28.677989959716797,28.68669794922353,27.824789649927094,28.146918839177985,513200
110,2023-09-18,28.129505157470703,28.756344213019293,27.772552325997037,28.50386898563677,360200
111,2023-09-19,28.00761604309082,28.54739844471663,28.00761604309082,28.268802575998347,223300
112,2023-09-20,27.8596134185791,28.303624546142828,27.8596134185791,28.09467930533333,202200
113,2023-09-21,27.737728118896484,28.199151903009884,27.476543246970397,27.72902179044271,224300
114,2023-09-22,27.267595291137695,28.033735559814023,27.224065311114806,27.80737601045794,203200
115,2023-09-25,27.311126708984375,27.511367272356267,27.015118197668414,27.076060833428357,186700
116,2023-09-26,26.8845272064209,27.363365325989818,26.849703551860163,27.049944132131063,222000
117,2023-09-27,26.849702835083008,27.015119756377217,26.70169857088553,26.98029444218375,195300
118,2023-09-28,26.658166885375977,27.084766993613957,26.632047901399755,26.64075422939183,327200
119,2023-09-29,26.42310333251953,27.07606304422646,26.396984346248782,26.76264185122716,305100
120,2023-10-02,26.44921875,26.806171561030858,26.388276113660826,26.423101426175954,213100
121,2023-10-03,26.231565475463867,26.745227210087997,26.14450551547656,26.71040355820553,366100
122,2023-10-04,26.614635467529297,26.771346051569914,26.04003109975522,26.327333283642258,186900
123,2023-10-05,26.945466995239258,27.032526947342095,26.518865259237074,26.518865259237074,234200
124,2023-10-06,26.91935157775879,27.058649512242834,26.275098215629477,26.727817332983815,400900
125,2023-10-09,26.971586227416992,27.14570946508252,26.449218174982683,26.64075406852721,325500
126,2023-10-10,26.510162353515625,27.20665197997816,26.466630714010307,26.97158610833621,281800
127,2023-10-11,26.588520050048828,26.73652265607285,26.135800921600655,26.54498840660435,229900
128,2023-10-12,26.066150665283203,26.55369342384554,25.987795371515396,26.457925473559925,213300
129,2023-10-13,25.596017837524414,26.266390140502228,25.317421987082273,26.074855908463817,265800
130,2023-10-16,25.831085205078125,26.11838740005625,25.60472564834349,25.683080943388646,111400
131,2023-10-17,26.048736572265625,26.109679206154848,25.656960125031727,25.752728070036067,144300
132,2023-10-18,25.57860565185547,25.98779476770506,25.5524883282479,25.98779476770506,124000
133,2023-10-19,25.517663955688477,25.60472557889834,25.012708533746093,25.456721317610278,394800
134,2023-10-20,25.273893356323242,25.387072303891717,24.873410554528395,25.387072303891717,257300
135,2023-10-23,25.152006149291992,25.465427324667846,24.82117397794373,25.465427324667846,503100
136,2023-10-24,25.152006149291992,25.700493206199738,24.995295561604063,25.308716736979918,318400
137,2023-10-25,24.72540855407715,25.456723597640433,24.411989007237523,25.16942137770932,417500
138,2023-10-26,24.85599708557129,24.89952872595384,24.011503188897276,24.664462849574935,530100
139,2023-10-27,24.829879760742188,26.040031133761556,24.734111812467347,25.030120324805683,536400
140,2023-10-30,24.916942596435547,25.395779040043706,24.812468314988156,24.812468314988156,409800
141,2023-10-31,25.01270866394043,25.2477745496619,24.760231781936234,25.030121320785508,476500
142,2023-11-01,24.716699600219727,25.212948685534048,24.568695341392445,25.056239759036618,419800
143,2023-11-02,25.152006149291992,25.369659374289153,24.86470395871823,25.02141454640616,521000
144,2023-11-03,25.294511795043945,25.900155315147362,25.2410731605594,25.82890323624011,392500
145,2023-11-06,25.22325897216797,25.383576569676553,24.89371875398567,25.249979138013902,343000
146,2023-11-07,24.760120391845703,25.214353032620348,24.760120391845703,25.054035430137112,304000
147,2023-11-08,24.679960250854492,24.902623198042065,24.50183091237452,24.804652656452294,387600
148,2023-11-09,24.19010353088379,24.671056333783863,24.056506096339394,24.6354294452208,531100
149,2023-11-10,23.709152221679688,24.20791676576336,23.646805167233637,24.136664688037122,504700
150,2023-11-13,23.228199005126953,23.816029060490823,23.005536053889625,23.709151795215668,423400
151,2023-11-14,24.39495277404785,24.457298129560343,23.317264888683848,23.424142155624253,826800
152,2023-11-15,24.403860092163086,24.671056663607533,24.190103854277673,24.314794568348272,497400
153,2023-11-16,25.018409729003906,25.080755084522043,24.4038594982986,24.4038594982986,486200
154,2023-11-17,24.991687774658203,25.37466830119044,24.93824914500683,25.089660011338566,360100
155,2023-11-20,25.41920280456543,25.713117826187297,24.893718114577325,24.964970189552822,329900
156,2023-11-21,25.116382598876953,25.40139091622748,24.93825155114109,25.223259868491617,354100
157,2023-11-22,24.947158813476562,25.374671298757384,24.840279842764552,25.374671298757384,257100
158,2023-11-24,25.28560447692871,25.819995905530913,24.742308025108585,24.742308025108585,215200
159,2023-11-27,24.81355857849121,25.249977737059723,24.56417547411631,25.249977737059723,376400
160,2023-11-28,25.16982078552246,25.54389462008034,24.679961262362824,24.813560395177706,358500
161,2023-11-29,25.4548282623291,25.60623913560401,25.02731580794705,25.169819959407736,315400
162,2023-11-30,25.78437042236328,25.917967853294922,25.445921785300722,25.517173861716497,357900
163,2023-12-01,25.909059524536133,26.27422660586755,25.588424351158924,25.784368823237617,782000
164,2023-12-04,25.347949981689453,26.105004368443335,25.347949981689453,25.819996057849764,390300
165,2023-12-05,25.321231842041016,25.606240156323423,24.95606472701874,25.428109110505144,423800
166,2023-12-06,25.31232452392578,25.84671595001551,25.241072447032717,25.321231245885354,511100
167,2023-12-07,26.185163497924805,26.345481099348632,25.383577189589225,25.383577189589225,536400
168,2023-12-08,26.746274948120117,27.16488069480587,26.087192800690328,26.087192800690328,447700
169,2023-12-11,26.559236526489258,27.1470665812933,25.54389401342473,25.54389401342473,991700
170,2023-12-12,27.218318939208984,27.60129949073926,26.354387291856707,26.42563936897047,684500
171,2023-12-13,27.440980911254883,27.859588335764506,26.8620575930598,27.182692777997644,452400
172,2023-12-14,28.385074615478516,29.27572474813562,27.5478614182649,27.5478614182649,1169100
173,2023-12-15,28.5186710357666,28.678988631527318,28.002093059861792,28.322726552599732,738300
174,2023-12-18,28.68789291381836,28.821492039358162,28.18912839449569,28.652266027332157,552800
175,2023-12-19,29.168848037719727,29.34697908692916,28.536486040715054,28.72352211347973,570600
176,2023-12-20,28.162412643432617,29.32025768653841,28.100065586071153,29.16884850072569,663800
177,2023-12-21,27.76161766052246,28.71461654736754,27.556768146950713,28.278195654928876,359700
178,2023-12-22,28.304916381835938,28.768054052388553,27.56567541488082,27.574580438444112,471000
179,2023-12-26,28.011001586914062,28.447420793064044,27.770525177775212,28.429607348212958,332200
180,2023-12-27,27.904123306274414,28.376169413793743,27.788339309447824,27.81505777860123,283000
181,2023-12-28,27.939746856689453,28.091157725997764,27.54785960104734,27.67255030561297,352000
182,2023-12-29,27.636926651000977,28.064439117895915,27.405356973403666,27.725990474183103,494900
183,2024-01-02,27.387542724609375,27.610205673589938,27.084720978093127,27.538953597867497,261100
184,2024-01-03,27.049095153808594,27.351915194423277,26.808618766854178,27.08472034144067,238700
185,2024-01-04,27.65473747253418,27.948652496053878,27.325197260688434,27.405356057901393,343500
186,2024-01-05,27.69927215576172,27.99318719068117,27.360823510228084,27.930841834604855,238900
187,2024-01-08,27.832868576049805,28.082251690053265,27.458794754436358,27.78833666584152,464900
188,2024-01-09,28.10006332397461,28.27819436167176,27.81505502268595,27.87740037624491,488100
189,2024-01-10,28.358354568481445,28.367261290687413,27.966467285336662,28.153505054094868,202800
190,2024-01-11,29.249006271362305,29.658705298282115,28.46523170861829,28.500858597280995,503200
191,2024-01-12,29.560731887817383,29.640890685364674,29.213378230968104,29.391509269691753,402900
192,2024-01-16,29.33806800842285,29.658703188443898,29.177750418412327,29.249004190668945,281900
193,2024-01-17,28.972902297973633,29.320255960333586,28.500857925799036,28.857120008898335,334700
194,2024-01-18,29.266820907592773,29.355884735309584,28.857121863987864,29.097594878336697,209900
195,2024-01-19,29.89918327331543,29.934810163852365,28.999626371445153,29.186662450413138,229800
196,2024-01-22,29.970436096191406,30.273257860939143,29.729959689106394,29.934809206793513,341900
197,2024-01-23,29.827932357788086,30.130754126816242,29.640892884588915,29.792305467886603,267400
198,2024-01-24,30.059499740600586,30.647329821847425,29.925900604948833,30.13965854247821,436300
199,2024-01-25,30.29106903076172,30.576080758941195,29.881369980202628,30.22872367078826,255600
200,2024-01-26,30.059499740600586,30.700770155621555,29.96152749413159,30.51373068619567,290700
201,2024-01-29,29.6765193939209,30.148563787576798,29.320257294609195,30.059499961532463,462500
202,2024-01-30,30.246532440185547,30.389036583461213,29.65870242447759,29.738861217418073,328300
203,2024-01-31,29.88136863708496,30.13965848683233,29.631987208400414,30.13965848683233,251800
204,2024-02-01,30.032779693603516,30.504824058973497,29.614172261631207,30.326693019991644,285600
205,2024-02-02,29.756677627563477,30.139658187854046,29.507296201352734,29.96152714160332,278200
206,2024-02-05,29.854650497436523,30.18419073147569,29.391511126522648,29.614174089602365,329000
207,2024-02-06,29.34697723388672,30.31778782333316,29.266818436682264,29.916993837310876,511700
208,2024-02-07,29.52510643005371,30.950147849719116,28.732423530450163,30.362317839411293,842200
209,2024-02-08,29.302444458007812,29.819020715510405,29.026341187446537,29.525107399489432,426300
210,2024-02-09,29.57854461669922,29.827929423912884,29.257909434258,29.338068229868306,289100
211,2024-02-12,30.42466926574707,30.700772582387483,29.71214841360599,29.71214841360599,431100
212,2024-02-13,29.78339385986328,30.353413844594318,29.58745278150488,29.58745278150488,496700
213,2024-02-14,29.890274047851562,30.20200080231276,29.525106965096953,29.934805955979332,432500
214,2024-02-15,30.02387046813965,30.47810477524502,29.95262009299711,30.18418805916897,376200
215,2024-02-16,29.723087310791016,30.288198688898696,29.723087310791016,29.89626565071441,284400
216,2024-02-20,29.704856872558594,30.443150052906276,29.668397177408313,29.805119295727923,259900
217,2024-02-21,29.668397903442383,29.950955332289865,29.46787652918454,29.559022292302835,132000
218,2024-02-22,30.607215881347656,30.7348213402093,29.732200563318695,29.960068447568197,448000
219,2024-02-23,30.944459915161133,31.154097955081497,30.461377627790867,30.61632959981168,571000
220,2024-02-26,30.543411254882812,31.099409477530436,30.288200323957934,31.081179628608922,221200
221,2024-02-27,30.762165069580078,30.990032958984372,30.443151415209286,30.53429718017578,233200
222,2024-02-28,30.242624282836914,30.94445774659751,30.242624282836914,30.616327454243176,257100
223,2024-02-29,28.95745277404785,30.26085742331919,28.948337849546657,30.26085742331919,749000
224,2024-03-01,29.69574546813965,29.86892381500727,28.601977148458456,28.948337319181807,529300
225,2024-03-04,30.014759063720703,30.352002570900684,29.713971776812105,29.713971776812105,323900
226,2024-03-05,30.634557723999023,30.68924378882085,29.978297130234374,30.069446366583822,292800
227,2024-03-06,30.84419822692871,30.880657924393862,30.27908682417136,30.625443519125927,307000
228,2024-03-07,30.990032196044922,31.09029462123255,29.99652808362161,30.452263851210503,433000
229,2024-03-08,30.835081100463867,31.108521842531683,30.443148095271177,31.099405180836406,357300
230,2024-03-11,30.643672943115234,30.93534356481743,30.57075702618372,30.853310985151932,199700
231,2024-03-12,30.917112350463867,31.126753860226984,30.698361132345372,30.80773674140462,431400
232,2024-03-13,31.081178665161133,31.299933368450233,30.68013243228385,30.753051825709562,362100
233,2024-03-14,30.41580581665039,31.19055875006163,30.124135187621363,31.117639354310292,459800
234,2024-03-15,30.3428897857666,30.962690739410085,30.197054471790963,30.57987086710645,242300
235,2024-03-18,30.51606559753418,30.780393168698364,30.26085468854137,30.415803175576187,183200
236,2024-03-19,30.661903381347656,30.926230973908137,30.306430021622667,30.36111956811426,350500
237,2024-03-20,31.427536010742188,31.536911614081145,30.415802118140547,30.64366998667289,358100
238,2024-03-21,31.573373794555664,32.29343715031426,31.19967059980556,31.445768334444118,377800
239,2024-03-22,30.84419822692871,31.573374791291116,30.625443519125927,31.573374791291116,240300
240,2024-03-25,30.771276473999023,30.980917979864778,30.40668995825011,30.835082678167637,196800
241,2024-03-26,31.172330856323242,31.35462588014738,30.8533136953839,30.980922645952663,259100
242,2024-03-27,31.67363739013672,31.810359517867816,31.135869019109546,31.181441902690533,350900
243,2024-03-28,31.664522171020508,32.2022905075173,31.637175661037336,31.719208237011014,230200
244,2024-04-01,31.372846603393555,31.828582342387566,31.290817508282878,31.66452067517846,228100
245,2024-04-02,31.546030044555664,31.79212777360653,31.08117761957472,31.21789973915451,387100
246,2024-04-03,31.64629364013672,31.837701833043656,31.008262853458852,31.154098163814815,387600
247,2024-04-04,31.026491165161133,31.573372682662406,30.889769047291868,31.21789934858779,452300
248,2024-04-05,31.263473510742188,31.59160382549206,31.008262589042523,31.099408353367252,212900
249,2024-04-08,31.883272171020508,31.928845049934353,31.18143870938633,31.263471282226373,674800
250,2024-04-09,31.418424606323242,31.99264916413425,31.081177638352784,31.892390216968156,211400
251,2024-04-10,30.315540313720703,31.245241653402633,30.178821676024658,31.008260595203467,371700
252,2024-04-11,30.160593032836914,30.71659122182927,29.896265454957277,30.534296220636833,310700
253,2024-04-12,30.215282440185547,30.552525930830267,29.841579254068986,30.078560320660102,292200
254,2024-04-15,29.595481872558594,30.415804168377825,29.431416717997152,29.96006840059337,315300
255,2024-04-16,29.786890029907227,30.29731534101638,29.46787638358149,29.531679112846636,329600
256,2024-04-17,29.577251434326172,30.370230680888753,29.44964597821126,30.01475734542925,201400
257,2024-04-18,29.595481872558594,30.023871129924157,29.458759751428065,29.759547027120032,148400
258,2024-04-19,30.105905532836914,30.42492267582412,29.586367004216687,29.586367004216687,206900
259,2024-04-22,30.671018600463867,30.743934515365435,30.078560710819204,30.160593288200957,224300
260,2024-04-23,30.534297943115234,30.807738721835054,30.28820019917095,30.76216583821311,424000
261,2024-04-24,30.55252456665039,31.135865760201785,30.397572606307676,30.488721840917442,319300
262,2024-04-25,30.725704193115234,30.92622904072824,29.650167518262077,30.443150246374643,410100
263,2024-04-26,30.5889835357666,31.154094869007178,29.896263277095724,30.525180811545297,609300
264,2024-04-29,31.081178665161133,31.12675502454623,30.315542419131365,30.39757499824127,391200
265,2024-04-30,30.525182723999023,31.15409682086342,30.00564075895184,30.990031669161766,435600
266,2024-05-01,30.178821563720703,30.725703066445416,29.814231577245696,30.57986776725297,356100
267,2024-05-02,30.333772659301758,30.525184331022654,29.67751549493385,30.443151750853154,320700
268,2024-05-03,30.902240753173828,31.405474721067304,30.47356154569419,30.585390131348305,244500
269,2024-05-06,30.874282836914062,31.125899807343764,30.566749799177835,31.02338879476502,269100
270,2024-05-07,30.426965713500977,30.75313389341421,30.11011510088532,30.75313389341421,282000
271,2024-05-08,30.138071060180664,30.417644290912612,30.026242478881183,30.166027316763905,194400
272,2024-05-09,30.762449264526367,30.81836532921949,30.063514453210594,30.156707894365802,190200
273,2024-05-10,30.361732482910156,30.87428401031737,30.361732482910156,30.855645320506817,239600
274,2024-05-13,30.426965713500977,30.79041127253759,30.36173207751833,30.36173207751833,197200
275,2024-05-14,31.237728118896484,31.396151642455653,30.557431969854644,30.631983170657072,254200
276,2024-05-15,31.85279083251953,31.899385777682067,31.284323258623832,31.424111649077883,365700
277,2024-05-16,31.647768020629883,32.16964063638185,31.638450453815718,31.871428728799685,297200
278,2024-05-17,31.54526138305664,31.84347333197137,31.405476531671713,31.685049789408417,187300
279,2024-05-20,31.601173400878906,31.787556733771787,31.386833812290334,31.54525733452113,201600
280,2024-05-21,31.65709114074707,32.020536703869745,31.48002536540361,31.48002536540361,297100
281,2024-05-22,31.740962982177734,32.346704393136555,31.30296266666351,31.65709065697217,414700
282,2024-05-23,31.097942352294922,32.18828264009824,31.060668526233027,31.890070701802756,354800
283,2024-05-24,31.442750930786133,31.685046783178112,31.247046469468426,31.302962537697272,118800
284,2024-05-28,31.219091415405273,31.77823789936617,30.986113121260455,31.470708399677672,182900
285,2024-05-29,30.622665405273438,30.995428516803383,30.520154394238624,30.753132672057237,151200
286,2024-05-30,31.051345825195312,31.144535718063416,30.76245146935773,30.76245146935773,207300
287,2024-05-31,31.26568603515625,31.57321908658432,31.06998512332018,31.144536328081564,129500
288,2024-06-03,31.77823829650879,31.918026696729317,31.27500787664161,31.442752534919567,213100
289,2024-06-04,31.470706939697266,31.778236425118944,31.265684912771828,31.72232391229672,165400
290,2024-06-05,31.56389808654785,31.862110016683157,31.144536448868013,31.293645968902286,263600
291,2024-06-06,31.228408813476562,31.731642779289782,31.228408813476562,31.368197211191333,96700
292,2024-06-07,31.116579055786133,31.526623110983124,31.04202785345627,31.19113381308249,126800
293,2024-06-10,30.94883155822754,31.17249225456383,30.56674734966792,30.809046733612753,196300
294,2024-06-11,30.25922203063965,30.79972982535755,30.25922203063965,30.520156582919554,282700
295,2024-06-12,30.68790054321289,31.405474100670947,30.482878511091567,30.73449549006776,212500
296,2024-06-13,30.976795196533203,31.135218728341144,30.576072250826922,30.75313447254755,152900
297,2024-06-14,30.762449264526367,30.95815371346916,30.57606949214852,30.678576944969823,150500
298,2024-06-17,30.827686309814453,31.0327047694856,30.333769961366706,30.753131557231296,208100
299,2024-06-18,31.125900268554688,31.17249521451733,30.64130500961693,30.64130500961693,168400
300,2024-06-20,31.65709114074707,31.685047397920638,30.967473839077623,30.967473839077623,189200
301,2024-06-21,31.237728118896484,31.796874567297156,31.13521710719753,31.442750142294393,181800
302,2024-06-24,31.424114227294922,31.815516064732844,31.228409753609228,31.237730876386358,178400
303,2024-06-25,31.46138572692871,31.58253542930525,31.312279768221618,31.405473214267595,110300
304,2024-06-26,30.958154678344727,31.452067489479152,30.846322545472997,31.228406778702087,295900
305,2024-06-27,31.219091415405273,31.44275214196962,30.76245239469611,30.986113121260455,317300
306,2024-06-28,31.48934555053711,31.657090198518983,31.200451200131333,31.200451200131333,119700
307,2024-07-01,31.20977210998535,31.675728672329335,31.14453492068806,31.563896537790935,146200
308,2024-07-02,31.247047424316406,31.685047751410515,31.042028944478695,31.172496219366316,158000
309,2024-07-03,31.582536697387695,31.71300397212404,31.125901235810506,31.125901235810506,126400
310,2024-07-05,31.48934555053711,31.796875035192894,31.284323524122268,31.461385739229147,193400
311,2024-07-08,31.3868350982666,31.787558036166413,31.33091902961784,31.4986636805976,162700
312,2024-07-09,31.694364547729492,31.89006901026566,31.330918989395446,31.386835057972426,336400
313,2024-07-10,31.517301559448242,31.871429541848347,31.358878034801567,31.62913013890274,446200
314,2024-07-11,31.65709114074707,31.890069430437663,31.28432445525549,31.424112851056478,312400
315,2024-07-12,31.526620864868164,31.84346789590444,31.396150048894935,31.526620864868164,253200
316,2024-07-15,31.442750930786133,31.722324161997342,31.340239916516502,31.452068498007684,266700
317,2024-07-16,31.442750930786133,31.61981314772771,31.191133956206087,31.61981314772771,557300
318,2024-07-17,31.46138572692871,31.778236333552098,31.377513402970568,31.424111903476792,234000
319,2024-07-18,31.312278747558594,31.694362976476416,31.293643613923308,31.442749567770104,238100
320,2024-07-19,31.517301559448242,31.713002462235227,31.228407211310465,31.321600656661253,252000
321,2024-07-22,31.992576599121094,32.06712779427359,31.480021579470762,31.74095964991988,251200
322,2024-07-23,32.430580139160156,32.54240873290789,31.862112492244947,31.862112492244947,236400
323,2024-07-24,31.731643676757812,32.915173864659074,31.713004986204243,32.43057857516643,606300
324,2024-07-25,32.076446533203125,32.55172419516929,31.685044745669842,31.778234631758828,376100
325,2024-07-26,32.58900451660156,33.03632240919132,32.02985448463941,32.09508812179,691200
326,2024-07-29,32.32806396484375,33.08291485109319,32.1696404451801,32.598319615410794,482500
327,2024-07-30,32.374664306640625,33.04563935542826,31.964620246583504,32.44921550985412,437100
328,2024-07-31,32.88721466064453,33.08291556147824,32.589002748431334,32.61695900427432,376700
329,2024-08-01,32.98040771484375,33.241342274327536,32.225560294918004,32.989728837663456,527600
330,2024-08-02,31.834150314331055,32.84993570236159,31.740960429360495,32.84993570236159,452600
331,2024-08-05,30.33047866821289,31.158452976365766,29.093275783341443,30.853907655885376,884400
332,2024-08-06,31.1584529876709,31.310723832754682,30.273375750902446,30.273375750902446,286200
333,2024-08-07,31.291688919067383,32.00545917231895,31.120383767853145,31.691398518285105,350800
334,2024-08-08,31.482027053833008,31.71043149221975,31.025210916213336,31.59622927302638,244800
335,2024-08-09,31.681884765625,31.862705265218718,31.405892715910827,31.596232185728304,188100
336,2024-08-12,31.681884765625,31.834155615394298,31.405892715910827,31.67236579540124,150600
337,2024-08-13,31.976903915405273,32.31951419663982,31.777049128159458,31.824633082681363,360500
338,2024-08-14,32.50985336303711,32.7763264103858,32.08159051521029,32.129174469319274,360200
339,2024-08-15,32.9571533203125,33.36638189520006,32.804882475965265,33.06184020650559,482500
340,2024-08-16,33.08087158203125,33.35686362772961,32.852467125912405,32.852467125912405,328800
341,2024-08-19,32.909568786621094,33.271209766606674,32.71922932690997,33.14749220365419,450200
342,2024-08-20,32.68115997314453,33.00473595824193,32.65261032547872,32.785846855150034,219300
343,2024-08-21,33.37589645385742,33.37589645385742,32.500340026949644,32.86198100479944,265100
344,2024-08-22,33.07135772705078,33.40444908652073,32.9952204846442,33.2521782321311,197200
345,2024-08-23,33.271209716796875,33.785125168120565,33.16652283259132,33.2997629954859,359200
346,2024-08-26,33.24266052246094,33.45203429373105,32.88101590765526,33.28072914095065,208900
347,2024-08-27,33.090389251708984,33.252175432566574,32.95715271913845,33.128457869707205,136200
348,2024-08-28,32.68115997314453,33.128457148832354,32.566957752058144,33.071354223077584,142900
349,2024-08-29,32.585994720458984,33.03328830223378,32.49082316976603,32.85246780155234,183100
350,2024-08-30,32.776329040527344,32.81439765903855,32.452753044028675,32.75729473127174,177900
351,2024-09-03,32.03400802612305,32.55743880610606,31.929321144041815,32.40516796773967,211500
352,2024-09-04,32.053043365478516,32.319516433583104,31.796085636767685,31.872222873610866,139700
353,2024-09-05,31.957876205444336,32.16724635086679,31.691399500616026,32.138696701587214,159600
354,2024-09-06,31.482027053833008,32.15772866049317,31.415405159678524,31.976904547145317,163200
355,2024-09-09,31.72946548461914,32.12917506302834,31.4915420792547,31.520091726163052,155600
356,2024-09-10,32.00545883178711,32.04352381910052,31.339272543089084,31.700917150740562,161000
357,2024-09-11,32.195796966552734,32.22434661346999,31.59622896832904,31.79608375759592,190100
358,2024-09-12,32.557437896728516,32.62405615975162,32.05304143943273,32.25289622850204,181900
359,2024-09-13,32.87150192260742,33.07135673227784,32.35758644309199,32.5764755627915,183400
360,2024-09-16,32.85246658325195,32.97618777935298,32.46227231593944,32.47178765544414,186500
361,2024-09-17,32.85246658325195,32.97618777935298,32.719230047646214,32.92860019055953,229800
362,2024-09-18,32.9286003112793,33.118939775881,32.67164620905381,32.9286003112793,393000
363,2024-09-19,33.45203399658203,33.594785869015475,33.147492312216116,33.290244184649566,272900
364,2024-09-20,33.261695861816406,33.53768790877931,33.11894035327052,33.318795160896045,216900
365,2024-09-23,33.07135772705078,33.442517707724015,32.900052562059514,33.309281163936035,319900
366,2024-09-24,33.214111328125,33.366382173743396,32.909569636888214,32.98570324448575,157900
367,2024-09-25,33.09990310668945,33.41396374545642,33.03328484339156,33.33782651287422,203400
368,2024-09-26,33.014251708984375,33.356862006938776,33.00473636978484,33.26169409325064,168200
369,2024-09-27,33.31879425048828,33.40444682719075,33.118939448323616,33.3092789110428,174300
370,2024-09-30,33.204593658447266,33.3663834803656,32.77633075386754,33.356864510028565,168400
371,2024-10-01,32.9286003112793,33.1665237344256,32.728745507138,33.13797408538351,160400
372,2024-10-02,33.090389251708984,33.233141123567464,32.83343152585584,32.928599440428165,86100
373,2024-10-03,33.16652297973633,33.21411056762142,32.84294698640325,33.03328644667387,131400
374,2024-10-04,33.033287048339844,33.62333974896827,32.985703090011306,33.30927908923798,178100
375,2024-10-07,33.014251708984375,33.29024374127244,32.785847263963575,33.25217512362791,108700
376,2024-10-08,32.91908264160156,33.233139650104405,32.814395761959595,33.128456400885504,172400
377,2024-10-09,33.05231857299805,33.242658020698826,32.89053240222734,32.92859738742909,126200
378,2024-10-10,33.49961853027344,34.099186569991936,32.92860013944805,33.061840305270294,385500
379,2024-10-11,33.66140365600586,33.97546430564696,33.29976267998804,33.29976267998804,209100
380,2024-10-14,34.365657806396484,34.451310378927104,33.77560876808727,33.97546356051768,320200
381,2024-10-15,34.89860534667969,35.069910498746246,34.4893804061021,34.50841108484437,300000
382,2024-10-16,35.89788818359375,36.135811612953894,34.88909153615432,35.165083585513706,461300
383,2024-10-17,36.5545539855957,36.59262260397441,35.94547061322937,36.164359723272064,435300
384,2024-10-18,36.82102584838867,37.07798356840084,36.64020536264225,36.64020536264225,270900
385,2024-10-21,36.00257110595703,36.8305435323706,35.935949213088264,36.725856654120705,394000
386,2024-10-22,36.07870864868164,36.26904811807363,35.89788814949214,36.01209037895796,146700
387,2024-10-23,35.831268310546875,36.25952755989406,35.49817334609286,36.11677568691942,293300
388,2024-10-24,36.5069694519043,36.6402059837046,35.74561524845741,35.84078316247957,533400
389,2024-10-25,36.526004791259766,36.840061820731584,36.23097844079071,36.5069704818337,433300
390,2024-10-28,36.15484619140625,36.85909751450428,36.05967464070148,36.59262443337783,373000
391,2024-10-29,35.774166107177734,36.42131810961302,35.774166107177734,36.164360376549894,193600
392,2024-10-30,35.4886589050293,36.10725763109073,35.36493770764767,35.83126921751789,165500
393,2024-10-31,35.26024627685547,35.6314061907556,35.13652509541446,35.37444848949638,204100
394,2024-11-01,35.62189483642578,35.97402048253128,35.34590279712158,35.53624225975976,313500
395,2024-11-04,35.087467193603516,36.088299311221114,34.94171328805643,35.563589699262536,322500
396,2024-11-05,35.45670700073242,35.53443969725622,34.980580797824715,34.980580797824715,175900
397,2024-11-06,37.12800216674805,37.244606781819186,36.12716998078177,36.15631928121153,637200
398,2024-11-07,36.486690521240234,37.20573746600736,36.447822317376946,37.15715406451622,233400
399,2024-11-08,35.670475006103516,36.77819281459095,35.641325707988294,36.48668871341148,439800
400,2024-11-11,35.45670700073242,36.37008749827236,35.37897059753291,36.09801750042551,294100
401,2024-11-12,35.155487060546875,35.63160959825125,34.54332580539378,35.48585938957026,280900
402,2024-11-13,34.77653121948242,35.23321965326079,34.65021140701452,35.1554869502101,357000
403,2024-11-14,35.981414794921875,36.02028299857331,34.80567943453543,35.029166045517286,406300
404,2024-11-15,35.53444290161133,36.07858665304947,35.369258589930276,35.91339863469237,266300
405,2024-11-18,35.60245895385742,36.04943217428757,35.58302485209838,35.68991055843514,316500
406,2024-11-19,35.46642303466797,35.74821194290177,35.194353030401295,35.56358983428441,249400
407,2024-11-20,36.11745071411133,36.16603782324191,35.44699086421585,35.621894078393105,310200
408,2024-11-21,35.68019485473633,36.321505376983346,35.62189255028629,36.321505376983346,332400
409,2024-11-22,34.572479248046875,35.9328330795887,34.26153731092259,35.757929861627076,732800
410,2024-11-25,34.3004035949707,35.27208643735897,34.2226708950511,34.718227513731726,457700
411,2024-11-26,34.77653121948242,34.87369802496479,34.106067658955574,34.31983907902802,431300
412,2024-11-27,35.63160705566406,35.660760060660806,34.92227904533961,34.97086615144225,282100
413,2024-11-29,35.24293899536133,35.592745430122406,35.174921489344015,35.592745430122406,134300
414,2024-12-02,35.35953903198242,35.45670954294886,34.902846897130146,35.2235040233054,268800
415,2024-12-03,34.8348274230957,35.63160703458753,34.8348274230957,35.34982183540806,291100
416,2024-12-04,34.98058319091797,35.25265320737769,34.727947276587656,34.931999788932444,207300
417,2024-12-05,34.7862434387207,35.310953039418685,34.6016250414421,34.8056775394883,247500
418,2024-12-06,34.5919075012207,35.15548532566828,34.44615729973229,34.951432819579,253400
419,2024-12-09,35.29151916503906,35.38868596282464,33.552206055276756,33.600793160845285,865300
420,2024-12-10,34.795963287353516,35.41783970210131,34.68907758356703,34.747376180777245,409300
421,2024-12-11,35.165199279785156,35.553873883363856,34.80567768081408,34.80567768081408,298600
422,2024-12-12,35.14576721191406,35.43727503479796,34.9805829051774,35.058319313060025,210600
423,2024-12-13,34.93199920654297,35.408121727409515,34.60162688920303,35.27208672144764,241200
424,2024-12-16,34.6599235534668,35.456706856313524,34.65020835644429,34.82511155625507,294600
425,2024-12-17,34.44615936279297,34.757097592602086,34.19351973440051,34.494742766198875,968100
426,2024-12-18,33.70767593383789,35.06803337429253,33.70767593383789,34.64049426482076,407700
427,2024-12-19,34.51417541503906,34.94171453634814,33.63965936386604,33.77569437034275,593200
428,2024-12-20,36.20490264892578,36.70046299580581,34.36842259011683,34.36842259011683,1302400
429,2024-12-23,35.45670700073242,36.31178519587273,35.242935598609485,36.214618398549064,484200
430,2024-12-24,35.75792694091797,35.94254904850645,34.9805814282911,35.10690123242915,243100
431,2024-12-26,36.35065460205078,36.389522804938544,35.68990997966223,35.75792748137789,233800
432,2024-12-27,36.18547058105469,36.70046129995499,36.01056737337612,36.37980418365232,314100
433,2024-12-30,35.427555084228516,36.08829970501395,35.2818048837668,35.932830600515956,407900
434,2024-12-31,36.03971862792969,36.04943382591637,35.42755736783911,35.60246058500784,382100
435,2025-01-02,36.01056671142578,36.35065421639598,35.757927102011514,36.20490031045115,674600
436,2025-01-03,36.64215850830078,36.87536401766553,36.068865492233094,36.13688299357368,575700
437,2025-01-06,36.05915069580078,36.87536442763816,36.00084839114245,36.75876352499735,246200
438,2025-01-07,35.165199279785156,36.282635985067124,35.058317285142955,36.08829868327778,335700
439,2025-01-08,35.82594680786133,35.884249115162554,34.883416933219074,35.09718464663816,206000
440,2025-01-10,34.42672348022461,35.64132703595741,34.39757418102331,35.48585792909065,336300
441,2025-01-13,34.66964340209961,34.79596320688934,34.1352185910788,34.203236092117315,230200
442,2025-01-14,34.32955551147461,35.04859871628756,34.20323570810313,35.02916461525535,463500
443,2025-01-15,34.95143127441406,35.106900373134096,34.46558987757951,34.90284416939005,343400
444,2025-01-16,35.72877883911133,35.893963144406015,35.000016701615195,35.272086713477464,262800
445,2025-01-17,37.2154541015625,37.23488820424504,35.777363863139385,35.91339887524107,621600
446,2025-01-21,38.66326141357422,39.644659459168906,37.41950484752859,37.89563107401126,1678900
447,2025-01-22,39.226837158203125,39.236556062823574,38.28430727720234,38.83816622693432,551900
448,2025-01-23,39.07136535644531,39.35315426423586,38.71184375041905,39.25598746477227,435300
449,2025-01-24,39.57664108276367,39.70296088809137,39.119948968123715,39.226834672118244,375800
450,2025-01-27,38.82844543457031,39.45032185970714,38.14826670457346,39.13938364713873,761000
451,2025-01-28,39.061649322509766,39.35315342133264,38.61467612386964,38.867312021069274,288600
452,2025-01-29,38.32316970825195,39.35315484856841,38.13855130385951,38.96448023159122,379900
453,2025-01-30,38.70212936401367,39.31428688547643,38.48835795270395,38.750712764763364,613100
454,2025-01-31,38.92561721801758,39.29485404086771,38.61467899526168,38.97420062032144,434400
455,2025-02-03,37.66242599487305,39.051932780181865,37.55554399395971,38.12883702920374,599400
456,2025-02-04,38.060813903808594,38.33288761125757,37.47780570024433,37.691577104666585,416300
457,2025-02-05,38.76042938232422,38.76042938232422,37.70129489780304,38.12883773608653,473400
458,2025-02-06,35.01945114135742,40.19851885433696,34.91256543375839,39.838997234238704,2712400
459,2025-02-07,35.81623077392578,36.33122150303241,35.28180594283906,35.75792846798551,1432500
460,2025-02-10,34.96114730834961,36.00084762593092,34.543323400535535,35.79679512397776,1940100
461,2025-02-11,34.66964340209961,35.00001571000488,34.523889496059475,34.73766090313812,675400
462,2025-02-12,34.0088996887207,34.55304341814356,33.49390896528494,34.54332451392256,979900
463,2025-02-13,34.93199920654297,35.029166008894045,34.23238636825231,34.242105272492964,957100
464,2025-02-14,36.03000259399414,36.10773529611225,35.02916671748809,35.02916671748809,764800
465,2025-02-18,36.09000015258789,36.66999816894531,35.72999954223633,36.060001373291016,588000
466,2025-02-19,36.16999816894531,36.43000030517578,35.75,35.84000015258789,414800
467,2025-02-20,36.130001068115234,36.220001220703125,35.61000061035156,35.810001373291016,541000
468,2025-02-21,35.72999954223633,36.2400016784668,35.400001525878906,36.0,442700
469,2025-02-24,37.59000015258789,38.36000061035156,37.560001373291016,37.95000076293945,2432600
470,2025-02-25,37.65999984741211,37.77000045776367,37.33000183105469,37.52000045776367,1610100
471,2025-02-26,37.529998779296875,37.939998626708984,37.4900016784668,37.880001068115234,862500
472,2025-02-27,37.40999984741211,37.689998626708984,37.2599983215332,37.470001220703125,629600
473,2025-02-28,37.65999984741211,37.9900016784668,37.27000045776367,37.27000045776367,627000
474,2025-03-03,38.11000061035156,38.220001220703125,37.540000915527344,37.75,743500
475,2025-03-04,37.93000030517578,38.16999816894531,37.59000015258789,37.849998474121094,661900
476,2025-03-05,38.20000076293945,38.29999923706055,37.91999816894531,38.0,797900
477,2025-03-06,37.779998779296875,38.25,37.75,37.970001220703125,883800
478,2025-03-07,37.810001373291016,38.040000915527344,37.630001068115234,37.779998779296875,285700
479,2025-03-10,36.779998779296875,37.79999923706055,36.38999938964844,37.77000045776367,872200
480,2025-03-11,36.869998931884766,37.209999084472656,36.58000183105469,36.790000915527344,727000
481,2025-03-12,36.869998931884766,37.13999938964844,36.630001068115234,37.099998474121094,1007200
482,2025-03-13,36.56999969482422,37.33000183105469,36.40999984741211,36.880001068115234,857500
483,2025-03-14,37.06999969482422,37.2599983215332,36.849998474121094,36.959999084472656,929000
484,2025-03-17,37.61000061035156,37.849998474121094,37.099998474121094,37.099998474121094,1069100
485,2025-03-18,37.79999923706055,37.95000076293945,37.439998626708984,37.63999938964844,1624400
486,2025-03-19,38.0099983215332,38.2400016784668,37.7400016784668,37.869998931884766,1844800
487,2025-03-20,38.119998931884766,38.150001525878906,37.97999954223633,37.97999954223633,843600
488,2025-03-21,38.029998779296875,38.119998931884766,37.77000045776367,38.08000183105469,1491800
489,2025-03-24,38.220001220703125,38.470001220703125,38.029998779296875,38.470001220703125,2132800
490,2025-03-25,38.380001068115234,38.52000045776367,38.29999923706055,38.29999923706055,813500
491,2025-03-26,38.349998474121094,38.45000076293945,38.310001373291016,38.380001068115234,740300
492,2025-03-27,38.369998931884766,38.47999954223633,38.310001373291016,38.470001220703125,634400
493,2025-03-28,38.369998931884766,38.43000030517578,38.20000076293945,38.310001373291016,844500
494,2025-03-31,38.310001373291016,38.380001068115234,38.20000076293945,38.349998474121094,626400
495,2025-04-01,38.470001220703125,38.470001220703125,38.25,38.31999969482422,1377000
496,2025-04-02,39.0099983215332,39.4900016784668,38.36000061035156,38.470001220703125,674900
497,2025-04-03,37.900001525878906,38.22999954223633,37.099998474121094,37.099998474121094,636000
498,2025-04-04,36.16999816894531,37.54999923706055,35.779998779296875,37.400001525878906,933200
499,2025-04-07,34.150001525878906,35.400001525878906,32.5,35.20000076293945,1378800
500,2025-04-08,33.0,35.040000915527344,32.720001220703125,34.95000076293945,1142400
501,2025-04-09,35.900001525878906,36.25,32.279998779296875,32.540000915527344,788100
502,2025-04-10,35.709999084472656,36.15999984741211,34.54999923706055,36.04999923706055,414100
503,2025-04-11,36.08660125732422,36.369998931884766,35.68000030517578,35.95000076293945,112120
